{
  "cam_pose": [
    0.6566038912489007,
    0.09078727979986469,
    4.752037614383965,
    0.4537617504086213
  ],
  "cam_pose_comments": "Height, PitchAngle, RollAngle, YawAngle",
  "cam_translation_vector": [
    -0.009913108396142,
    0.03837884446626854,
    0.6566038912489007
  ],
  "cam_translation_vector_comments": [
    "x_offset",
    "y_offset",
    "z_offset"
  ]
}