{
    "cam_distcoeffs": [
        3.470594,
        0.88981,
        -6e-05,
        0.000187,
        -0.010613,
        3.900205,
        2.184675,
        0.086783,
        0,
        0,
        0,
        0,
        0,
        0
    ],
    "cam_intrinsic": [
        1080.366087,
        0,
        938.900875,
        0,
        1077.620749,
        560.113804,
        0,
        0,
        1
    ],
    "resolution_height": 1080,
    "resolution_width": 1920
}
