{"cam_distcoeffs":[0.47297,0.482529,0.000504,-0.000246,0.042125,0.877016,0.602693,0.192676,0,0,0,0,0,0],"cam_intrinsic":[1057.860222,0,977.840981,0,1059.252092,572.529502,0,0,1],"resolution_height":1080,"resolution_width":1920}