{
"resolution_width":1920,
"resolution_height":1080,
"cam_intrinsic":[
1037.416932,0,974.447538,
0,1038.440160,564.996364,
0,0,1
],
"cam_distcoeffs":[2.263742,5.859805,0.001165,-0.000197,0.522284,2.592719,6.896840,2.312912,0,0,0,0,0,0]
}
